Classification,Value
High,0.08592910848549945
Good,16.047261009667025
Moderate,63.888292158968845
Poor,17.03544575725027
Bad,2.9430719656283566
